Claim,Evidence,Problem,Revision,Severity
"N = 147,387 observations after filtering","Grand total across all basins: 472,154 (Atlantic alone: 147,387)","CRITICAL: 147,387 is the Atlantic count, not the dataset total","Change to N = 472,154 total QC-passing observations across 4 basins",Critical
8-year external holdout,"Training: pre-2015, Test: 2015–2018, External: 2018–2021","CRITICAL: External period is 3 years, gap from training is 4 years","Describe as ""post-2018 chronologically held-out observations"" or ""3-year external holdout""",Critical
Statistically equivalent with half the free parameters,"DM test p > 0.05 for Indian, Pacific, Southern Ocean",MAJOR: p > 0.05 does not establish equivalence; failure to reject ≠ acceptance,"Replace with: ""similar test-set RMSE to MLR+AOU in three basins, with differences of X μmol kg⁻¹""",Major
95% prediction intervals,"Coverage: Atlantic=89.3%, Indian=95.8%, Pacific=94.1%, S.Ocean=90.0%","MAJOR: Atlantic and Southern Ocean coverage ~89%, below nominal 95%","Label as ""approximate 95% prediction intervals"" and report empirical coverage; note under-coverage in Atlantic and Southern Ocean",Major
Parametric bootstrap,Code resamples observations with replacement + adds Gaussian noise,"MAJOR: This is a nonparametric case bootstrap + noise, not parametric","Correct to ""hybrid bootstrap"" or ""nonparametric bootstrap with residual noise augmentation""",Major
PySR discovered rank-1 nonlinear manifold,"PySR search with +, -, *, /, exp, log over S, T, AOU/100",MAJOR: Search space was restricted; squared-linear forms are particularly accessible to this operator set,"State: ""PySR identified a compact rank-1 quadratic structure within the specified search space""",Major
Revelle factor derives the squared-linear form,Post-hoc qualitative consistency argument,MAJOR: Nonlinear carbonate chemistry does not uniquely imply this functional form,"State: ""qualitatively compatible with nonlinear carbonate buffering, although carbonate chemistry does not uniquely imply this functional form""",Major
AAIW diagnosis of +18 μmol/kg South Atlantic bias,Latitude-dependent residual pattern at 30–60°S,MAJOR: No independent water-mass classification used; MLR shows similar bias,"Reframe as ""AAIW-consistent residual structure"" not ""diagnosis""",Major
0.1–0.6% of basin-scale TCO2 inventory,RMSE difference / representative TCO2 concentration,MAJOR: Concentration error ≠ inventory error (requires volume/density integration),"Change to ""approximately 0.1–0.6% of typical basin-mean TCO2 concentration""",Major
Hessian H = vv^T (rank 1),f(x) = (v^Tx + δ)² + ε,"MODERATE: Hessian is H = 2vv^T, missing factor of 2",Correct to H = 2vv^T; rank-1 conclusion unchanged,Moderate
VIF > 50 confirms the variance-reduction mechanism,High VIF values observed,"MODERATE: High VIF establishes multicollinearity, not that it caused improvement","State: ""consistent with the proposed variance-reduction mechanism"" not ""confirms""",Moderate
β < 0 means negative temperature effect,Fitted coefficient β is negative,"MODERATE: Because model is squared, local sign depends on full linear term",Frame in terms of local derivatives over observed domain; verify signs hold,Moderate
Surface model is reliable,Surface R² ~0.755 for Atlantic,Surface performance substantially worse than deep,State depth limitations explicitly in abstract and conclusions,Moderate
Independent temporal validation,Chronological train/test/external split,Repeated hydrographic sections mean observations are not truly independent,"Use ""chronologically held-out"" not ""independent""",Moderate
