Basin,Layer,n,R2,RMSE,MAE,MLR_RMSE,Improvement_pct
Atlantic,0–100 m,3469,0.7576,28.005,21.516,36.464,23.2
Atlantic,100–500 m,2477,0.7805,18.226,14.54,16.554,-10.1
Atlantic,500–1000 m,1559,0.4998,17.619,14.54,14.975,-17.65
Atlantic,1000–3000 m,2625,0.7205,12.303,9.481,11.39,-8.01
Atlantic,3000–7000 m,1306,0.7841,13.255,9.574,14.738,10.06
Indian,0–100 m,504,0.8999,24.766,20.183,23.701,-4.49
Indian,100–500 m,961,0.9524,14.833,11.733,14.534,-2.05
Indian,500–1000 m,591,0.9872,5.701,4.587,8.657,34.14
Indian,1000–3000 m,1181,0.7026,11.918,10.433,10.164,-17.25
Indian,3000–7000 m,527,0.468,12.556,9.744,10.407,-20.65
Pacific,0–100 m,6150,0.8544,27.209,20.041,26.482,-2.75
Pacific,100–500 m,7866,0.9697,15.824,11.352,15.274,-3.6
Pacific,500–1000 m,4614,0.9823,9.963,8.094,9.543,-4.4
Pacific,1000–3000 m,8121,0.9623,8.682,7.122,8.752,0.8
Pacific,3000–7000 m,5016,0.8039,10.385,8.862,9.404,-10.43
Southern Ocean,0–100 m,1202,0.8677,17.934,14.606,17.438,-2.85
Southern Ocean,100–500 m,1652,0.961,10.459,8.497,10.638,1.69
Southern Ocean,500–1000 m,975,0.98,5.994,4.644,7.002,14.4
Southern Ocean,1000–3000 m,1799,0.8782,6.47,4.274,6.102,-6.02
Southern Ocean,3000–7000 m,855,-0.1739,7.447,6.001,7.021,-6.05
