Basin,Layer,n,R2,RMSE,MLR_RMSE,Improvement_pct
Atlantic,0–100 m,3469,0.7554,28.132,36.464,22.85
Atlantic,100–500 m,2477,0.7881,17.907,16.554,-8.18
Atlantic,500–1000 m,1559,0.5854,16.041,14.975,-7.12
Atlantic,1000–3000 m,2625,0.7644,11.295,11.39,0.83
Atlantic,3000–7000 m,1306,0.8387,11.457,14.738,22.26
Indian,0–100 m,504,0.8999,24.766,23.701,-4.49
Indian,100–500 m,961,0.9524,14.833,14.534,-2.05
Indian,500–1000 m,591,0.9872,5.701,8.657,34.14
Indian,1000–3000 m,1181,0.7026,11.918,10.164,-17.25
Indian,3000–7000 m,527,0.468,12.556,10.407,-20.65
Pacific,0–100 m,6150,0.8544,27.209,26.484,-2.74
Pacific,100–500 m,7866,0.9697,15.824,14.989,-5.57
Pacific,500–1000 m,4614,0.9823,9.963,9.497,-4.91
Pacific,1000–3000 m,8121,0.9623,8.682,8.716,0.4
Pacific,3000–7000 m,5016,0.8039,10.385,9.468,-9.68
Southern Ocean,0–100 m,1202,0.8677,17.934,16.959,-5.75
Southern Ocean,100–500 m,1652,0.961,10.459,10.551,0.87
Southern Ocean,500–1000 m,975,0.98,5.994,6.793,11.77
Southern Ocean,1000–3000 m,1799,0.8782,6.47,5.915,-9.37
Southern Ocean,3000–7000 m,855,-0.1739,7.447,7.119,-4.6
