Basin,RF_bin,RF_lo,RF_hi,n,RMSE_Quad,RMSE_MLR,Improvement_pct,Win_pct,Mean_RF
Atlantic,"RF 10–12
(high)",10,12,2066,25.458,35.34,27.96,75.65,10.89
Atlantic,"RF > 12
(v.high)",12,25,9358,18.711,19.699,5.02,39.72,16.38
Indian,"RF 10–12
(high)",10,12,501,23.228,22.053,-5.33,37.52,10.74
Indian,"RF > 12
(v.high)",12,25,3263,12.627,11.949,-5.68,39.56,19.5
Pacific,"RF 10–12
(high)",10,12,4983,22.967,18.96,-21.13,32.51,11.03
Pacific,"RF > 12
(v.high)",12,25,26772,14.336,14.683,2.36,41.15,19.99
Southern Ocean,"RF 10–12
(high)",10,12,41,21.016,21.786,3.53,75.61,11.75
Southern Ocean,"RF > 12
(v.high)",12,25,6442,10.476,10.133,-3.38,46.54,18.52
