Basin,Variable,N,Mean,SD,Min,Q25,Median,Q75,Max
Atlantic,S,147387,35.16,0.83,25.4,34.88,34.95,35.5,39.47
Atlantic,T,147387,8.38,6.89,-1.77,3.15,5.28,12.22,31.74
Atlantic,AOU,147387,59.06,49.8,-49.95,23.33,52.89,86.09,316.88
Atlantic,TCO2,147387,2151.78,54.54,1701.2,2126.9,2160.5,2184.4,2596.7
Atlantic,Depth,147387,1237.77,1344.68,0.0,148.0,715.0,1977.0,6455.0
Indian,S,40163,34.96,0.64,31.0,34.71,34.76,35.12,40.61
Indian,T,40163,9.67,8.31,0.45,2.32,7.14,14.85,32.68
Indian,AOU,40163,132.87,82.26,-42.65,47.12,154.37,193.62,282.52
Indian,TCO2,40163,2200.71,115.24,1739.0,2113.3,2250.7,2291.9,2393.3
Indian,Depth,40163,1358.46,1389.67,0.0,202.0,839.0,2180.5,6285.0
Pacific,S,187356,34.46,0.66,25.01,34.33,34.6,34.69,36.7
Pacific,T,187356,8.32,8.08,-1.79,1.96,4.59,12.79,31.8
Pacific,AOU,187356,146.7,100.54,-49.96,43.26,176.51,226.24,318.79
Pacific,TCO2,187356,2211.71,139.06,1720.1,2083.8,2264.4,2330.1,2408.6
Pacific,Depth,187356,1287.3,1469.98,0.0,149.0,692.0,2000.0,7139.0
Southern Ocean,S,97248,34.51,0.33,28.49,34.32,34.65,34.7,36.93
Southern Ocean,T,97248,2.32,3.75,-2.31,0.17,1.27,2.78,25.11
Southern Ocean,AOU,97248,94.94,55.16,-49.78,43.93,120.02,138.4,275.24
Southern Ocean,TCO2,97248,2213.28,59.88,1789.9,2173.1,2245.4,2257.4,2372.9
Southern Ocean,Depth,97248,1242.92,1364.46,0.0,150.0,663.0,1989.0,7452.0
